<?xml version="1.0" encoding="UTF-8"?>
<GenRun Id="impl_1" LaunchPart="xc7a75tcsg324-1" LaunchTime="1641470317">
  <File Type="OPT-HWDEF" Name="ALU_BEH.hwdef"/>
  <File Type="ROUTE-BUS-SKEW" Name="ALU_BEH_bus_skew_routed.rpt"/>
  <File Type="PA-DCP" Name="ALU_BEH.dcp"/>
  <File Type="BITSTR-BMM" Name="ALU_BEH_bd.bmm"/>
  <File Type="OPT-METHODOLOGY-DRC" Name="ALU_BEH_methodology_drc_opted.rpt"/>
  <File Type="INIT-TIMING" Name="ALU_BEH_timing_summary_init.rpt"/>
  <File Type="ROUTE-PWR" Name="ALU_BEH_power_routed.rpt"/>
  <File Type="PA-TCL" Name="ALU_BEH.tcl"/>
  <File Type="OPT-TIMING" Name="ALU_BEH_timing_summary_opted.rpt"/>
  <File Type="OPT-DCP" Name="ALU_BEH_opt.dcp"/>
  <File Type="ROUTE-PWR-SUM" Name="ALU_BEH_power_summary_routed.pb"/>
  <File Type="REPORTS-TCL" Name="ALU_BEH_reports.tcl"/>
  <File Type="OPT-DRC" Name="ALU_BEH_drc_opted.rpt"/>
  <File Type="PWROPT-DCP" Name="ALU_BEH_pwropt.dcp"/>
  <File Type="PWROPT-DRC" Name="ALU_BEH_drc_pwropted.rpt"/>
  <File Type="PWROPT-TIMING" Name="ALU_BEH_timing_summary_pwropted.rpt"/>
  <File Type="PLACE-DCP" Name="ALU_BEH_placed.dcp"/>
  <File Type="PLACE-IO" Name="ALU_BEH_io_placed.rpt"/>
  <File Type="PLACE-CLK" Name="ALU_BEH_clock_utilization_placed.rpt"/>
  <File Type="PLACE-UTIL" Name="ALU_BEH_utilization_placed.rpt"/>
  <File Type="PLACE-UTIL-PB" Name="ALU_BEH_utilization_placed.pb"/>
  <File Type="PLACE-CTRL" Name="ALU_BEH_control_sets_placed.rpt"/>
  <File Type="PLACE-SIMILARITY" Name="ALU_BEH_incremental_reuse_pre_placed.rpt.rpt"/>
  <File Type="PLACE-PRE-SIMILARITY" Name="ALU_BEH_incremental_reuse_pre_placed.rpt"/>
  <File Type="PLACE-TIMING" Name="ALU_BEH_timing_summary_placed.rpt"/>
  <File Type="POSTPLACE-PWROPT-DCP" Name="ALU_BEH_postplace_pwropt.dcp"/>
  <File Type="BG-BIN" Name="ALU_BEH.bin"/>
  <File Type="POSTPLACE-PWROPT-TIMING" Name="ALU_BEH_timing_summary_postplace_pwropted.rpt"/>
  <File Type="PHYSOPT-DCP" Name="ALU_BEH_physopt.dcp"/>
  <File Type="PHYSOPT-DRC" Name="ALU_BEH_drc_physopted.rpt"/>
  <File Type="BITSTR-MSK" Name="ALU_BEH.msk"/>
  <File Type="PHYSOPT-TIMING" Name="ALU_BEH_timing_summary_physopted.rpt"/>
  <File Type="ROUTE-ERROR-DCP" Name="ALU_BEH_routed_error.dcp"/>
  <File Type="ROUTE-DCP" Name="ALU_BEH_routed.dcp"/>
  <File Type="ROUTE-BLACKBOX-DCP" Name="ALU_BEH_routed_bb.dcp"/>
  <File Type="ROUTE-DRC" Name="ALU_BEH_drc_routed.rpt"/>
  <File Type="ROUTE-DRC-PB" Name="ALU_BEH_drc_routed.pb"/>
  <File Type="ROUTE-DRC-RPX" Name="ALU_BEH_drc_routed.rpx"/>
  <File Type="BITSTR-MMI" Name="ALU_BEH.mmi"/>
  <File Type="ROUTE-METHODOLOGY-DRC" Name="ALU_BEH_methodology_drc_routed.rpt"/>
  <File Type="ROUTE-METHODOLOGY-DRC-RPX" Name="ALU_BEH_methodology_drc_routed.rpx"/>
  <File Type="ROUTE-METHODOLOGY-DRC-PB" Name="ALU_BEH_methodology_drc_routed.pb"/>
  <File Type="ROUTE-PWR-RPX" Name="ALU_BEH_power_routed.rpx"/>
  <File Type="ROUTE-STATUS" Name="ALU_BEH_route_status.rpt"/>
  <File Type="ROUTE-STATUS-PB" Name="ALU_BEH_route_status.pb"/>
  <File Type="ROUTE-TIMINGSUMMARY" Name="ALU_BEH_timing_summary_routed.rpt"/>
  <File Type="ROUTE-TIMING-PB" Name="ALU_BEH_timing_summary_routed.pb"/>
  <File Type="ROUTE-TIMING-RPX" Name="ALU_BEH_timing_summary_routed.rpx"/>
  <File Type="ROUTE-SIMILARITY" Name="ALU_BEH_incremental_reuse_routed.rpt"/>
  <File Type="ROUTE-CLK" Name="ALU_BEH_clock_utilization_routed.rpt"/>
  <File Type="ROUTE-BUS-SKEW-PB" Name="ALU_BEH_bus_skew_routed.pb"/>
  <File Type="ROUTE-BUS-SKEW-RPX" Name="ALU_BEH_bus_skew_routed.rpx"/>
  <File Type="POSTROUTE-PHYSOPT-DCP" Name="ALU_BEH_postroute_physopt.dcp"/>
  <File Type="POSTROUTE-PHYSOPT-BLACKBOX-DCP" Name="ALU_BEH_postroute_physopt_bb.dcp"/>
  <File Type="POSTROUTE-PHYSOPT-TIMING" Name="ALU_BEH_timing_summary_postroute_physopted.rpt"/>
  <File Type="POSTROUTE-PHYSOPT-TIMING-PB" Name="ALU_BEH_timing_summary_postroute_physopted.pb"/>
  <File Type="POSTROUTE-PHYSOPT-TIMING-RPX" Name="ALU_BEH_timing_summary_postroute_physopted.rpx"/>
  <File Type="POSTROUTE-PHYSOPT-BUS-SKEW" Name="ALU_BEH_bus_skew_postroute_physopted.rpt"/>
  <File Type="POSTROUTE-PHYSOPT-BUS-SKEW-PB" Name="ALU_BEH_bus_skew_postroute_physopted.pb"/>
  <File Type="BG-BIT" Name="ALU_BEH.bit"/>
  <File Type="POSTROUTE-PHYSOPT-BUS-SKEW-RPX" Name="ALU_BEH_bus_skew_postroute_physopted.rpx"/>
  <File Type="BITSTR-RBT" Name="ALU_BEH.rbt"/>
  <File Type="BITSTR-NKY" Name="ALU_BEH.nky"/>
  <File Type="PDI-FILE" Name="ALU_BEH.pdi"/>
  <File Type="RCFI_FILE" Name="ALU_BEH.rcfi"/>
  <File Type="CFI_FILE" Name="ALU_BEH.cfi"/>
  <File Type="RNPI_FILE" Name="ALU_BEH.rnpi"/>
  <File Type="NPI_FILE" Name="ALU_BEH.npi"/>
  <File Type="RBD_FILE" Name="ALU_BEH.rbd"/>
  <File Type="BITSTR-LTX" Name="debug_nets.ltx"/>
  <File Type="BITSTR-LTX" Name="ALU_BEH.ltx"/>
  <File Type="BITSTR-SYSDEF" Name="ALU_BEH.sysdef"/>
  <File Type="BG-BGN" Name="ALU_BEH.bgn"/>
  <File Type="BG-DRC" Name="ALU_BEH.drc"/>
  <File Type="RDI-RDI" Name="ALU_BEH.vdi"/>
  <File Type="WBT-USG" Name="usage_statistics_webtalk.html"/>
  <FileSet Name="sources" Type="DesignSrcs" RelSrcDir="$PSRCDIR/sources_1">
    <Filter Type="Srcs"/>
    <File Path="$PPRDIR/ALU_BEH.vhd">
      <FileInfo>
        <Attr Name="UsedIn" Val="synthesis"/>
        <Attr Name="UsedIn" Val="simulation"/>
      </FileInfo>
    </File>
    <Config>
      <Option Name="DesignMode" Val="RTL"/>
      <Option Name="TopModule" Val="ALU_BEH"/>
      <Option Name="TopAutoSet" Val="TRUE"/>
    </Config>
  </FileSet>
  <FileSet Name="constrs_in" Type="Constrs" RelSrcDir="$PSRCDIR/constrs_1">
    <Filter Type="Constrs"/>
    <Config>
      <Option Name="ConstrsType" Val="XDC"/>
    </Config>
  </FileSet>
  <FileSet Name="utils" Type="Utils" RelSrcDir="$PSRCDIR/utils_1">
    <Filter Type="Utils"/>
    <File Path="$PPRDIR/../script.tcl">
      <FileInfo>
        <Attr Name="UsedIn" Val="synthesis"/>
        <Attr Name="UsedIn" Val="implementation"/>
        <Attr Name="UsedIn" Val="simulation"/>
        <Attr Name="UsedInSteps" Val="impl_1;WRITE_BITSTREAM;TCL.PRE"/>
      </FileInfo>
    </File>
    <Config>
      <Option Name="TopAutoSet" Val="TRUE"/>
    </Config>
  </FileSet>
  <Strategy Version="1" Minor="2">
    <StratHandle Name="Vivado Implementation Defaults" Flow="Vivado Implementation 2020"/>
    <Step Id="init_design"/>
    <Step Id="opt_design"/>
    <Step Id="power_opt_design"/>
    <Step Id="place_design"/>
    <Step Id="post_place_power_opt_design"/>
    <Step Id="phys_opt_design"/>
    <Step Id="route_design"/>
    <Step Id="post_route_phys_opt_design"/>
    <Step Id="write_bitstream" PreStepTclHook="$PPRDIR/../script.tcl">
      <Option Id="BinFile">1</Option>
    </Step>
  </Strategy>
</GenRun>
