<?xml version="1.0" encoding="UTF-8" ?>
<webTalkData  fileName='usage_statistics_webtalk.xml'  majorVersion='1' minorVersion='0' timeStamp='Thu Jan  6 14:59:20 2022'>
<section name="__ROOT__" level="0" order="1" description="">
 <section name="software_version_and_target_device" level="1" order="1" description="">
  <keyValuePair key="beta" value="FALSE" description="" />
  <keyValuePair key="build_version" value="2902540" description="" />
  <keyValuePair key="date_generated" value="Thu Jan  6 14:59:20 2022" description="" />
  <keyValuePair key="os_platform" value="WIN64" description="" />
  <keyValuePair key="product_version" value="Vivado v2020.1 (64-bit)" description="" />
  <keyValuePair key="project_id" value="1fe06a3e8c2244ac9d13c01707a63cf9" description="" />
  <keyValuePair key="project_iteration" value="2" description="" />
  <keyValuePair key="random_id" value="95dfe24cbf8a5d3cbc65f435441ce6b6" description="" />
  <keyValuePair key="registration_id" value="212329852_0_0_343" description="" />
  <keyValuePair key="route_design" value="TRUE" description="" />
  <keyValuePair key="target_device" value="xc7a75t" description="" />
  <keyValuePair key="target_family" value="artix7" description="" />
  <keyValuePair key="target_package" value="csg324" description="" />
  <keyValuePair key="target_speed" value="-1" description="" />
  <keyValuePair key="tool_flow" value="Vivado" description="" />
 </section>
 <section name="user_environment" level="1" order="2" description="">
  <keyValuePair key="cpu_name" value="Intel(R) Core(TM) i7-6700HQ CPU @ 2.60GHz" description="" />
  <keyValuePair key="cpu_speed" value="2592 MHz" description="" />
  <keyValuePair key="os_name" value="Windows Server 2016 or Windows 10" description="" />
  <keyValuePair key="os_release" value="major release  (build 9200)" description="" />
  <keyValuePair key="system_ram" value="17.000 GB" description="" />
  <keyValuePair key="total_processors" value="1" description="" />
 </section>
 <section name="phys_opt_design_post_place" level="1" order="3" description="">
  <section name="command_line_options" level="2" order="1" description="">
   <keyValuePair key="-aggressive_hold_fix" value="default::[not_specified]" description="" />
   <keyValuePair key="-bram_register_opt" value="default::[not_specified]" description="" />
   <keyValuePair key="-clock_opt" value="default::[not_specified]" description="" />
   <keyValuePair key="-critical_cell_opt" value="default::[not_specified]" description="" />
   <keyValuePair key="-critical_pin_opt" value="default::[not_specified]" description="" />
   <keyValuePair key="-directive" value="default::[not_specified]" description="" />
   <keyValuePair key="-dsp_register_opt" value="default::[not_specified]" description="" />
   <keyValuePair key="-effort_level" value="default::[not_specified]" description="" />
   <keyValuePair key="-fanout_opt" value="default::[not_specified]" description="" />
   <keyValuePair key="-hold_fix" value="default::[not_specified]" description="" />
   <keyValuePair key="-insert_negative_edge_ffs" value="default::[not_specified]" description="" />
   <keyValuePair key="-multi_clock_opt" value="default::[not_specified]" description="" />
   <keyValuePair key="-placement_opt" value="default::[not_specified]" description="" />
   <keyValuePair key="-restruct_opt" value="default::[not_specified]" description="" />
   <keyValuePair key="-retime" value="default::[not_specified]" description="" />
   <keyValuePair key="-rewire" value="default::[not_specified]" description="" />
   <keyValuePair key="-shift_register_opt" value="default::[not_specified]" description="" />
   <keyValuePair key="-uram_register_opt" value="default::[not_specified]" description="" />
   <keyValuePair key="-verbose" value="default::[not_specified]" description="" />
   <keyValuePair key="-vhfn" value="default::[not_specified]" description="" />
  </section>
 </section>
 <section name="report_drc" level="1" order="4" description="">
  <section name="command_line_options" level="2" order="1" description="">
   <keyValuePair key="-append" value="default::[not_specified]" description="" />
   <keyValuePair key="-checks" value="default::[not_specified]" description="" />
   <keyValuePair key="-fail_on" value="default::[not_specified]" description="" />
   <keyValuePair key="-force" value="default::[not_specified]" description="" />
   <keyValuePair key="-format" value="default::[not_specified]" description="" />
   <keyValuePair key="-internal" value="default::[not_specified]" description="" />
   <keyValuePair key="-internal_only" value="default::[not_specified]" description="" />
   <keyValuePair key="-messages" value="default::[not_specified]" description="" />
   <keyValuePair key="-name" value="default::[not_specified]" description="" />
   <keyValuePair key="-no_waivers" value="default::[not_specified]" description="" />
   <keyValuePair key="-return_string" value="default::[not_specified]" description="" />
   <keyValuePair key="-ruledecks" value="default::[not_specified]" description="" />
   <keyValuePair key="-upgrade_cw" value="default::[not_specified]" description="" />
   <keyValuePair key="-waived" value="default::[not_specified]" description="" />
  </section>
  <section name="results" level="2" order="2" description="">
   <keyValuePair key="cfgbvs-1" value="1" description="" />
   <keyValuePair key="nstd-1" value="1" description="" />
   <keyValuePair key="ucio-1" value="1" description="" />
  </section>
 </section>
 <section name="report_utilization" level="1" order="5" description="">
  <section name="clocking" level="2" order="1" description="">
   <keyValuePair key="bufgctrl_available" value="32" description="" />
   <keyValuePair key="bufgctrl_fixed" value="0" description="" />
   <keyValuePair key="bufgctrl_used" value="0" description="" />
   <keyValuePair key="bufgctrl_util_percentage" value="0.00" description="" />
   <keyValuePair key="bufhce_available" value="96" description="" />
   <keyValuePair key="bufhce_fixed" value="0" description="" />
   <keyValuePair key="bufhce_used" value="0" description="" />
   <keyValuePair key="bufhce_util_percentage" value="0.00" description="" />
   <keyValuePair key="bufio_available" value="24" description="" />
   <keyValuePair key="bufio_fixed" value="0" description="" />
   <keyValuePair key="bufio_used" value="0" description="" />
   <keyValuePair key="bufio_util_percentage" value="0.00" description="" />
   <keyValuePair key="bufmrce_available" value="12" description="" />
   <keyValuePair key="bufmrce_fixed" value="0" description="" />
   <keyValuePair key="bufmrce_used" value="0" description="" />
   <keyValuePair key="bufmrce_util_percentage" value="0.00" description="" />
   <keyValuePair key="bufr_available" value="24" description="" />
   <keyValuePair key="bufr_fixed" value="0" description="" />
   <keyValuePair key="bufr_used" value="0" description="" />
   <keyValuePair key="bufr_util_percentage" value="0.00" description="" />
   <keyValuePair key="mmcme2_adv_available" value="6" description="" />
   <keyValuePair key="mmcme2_adv_fixed" value="0" description="" />
   <keyValuePair key="mmcme2_adv_used" value="0" description="" />
   <keyValuePair key="mmcme2_adv_util_percentage" value="0.00" description="" />
   <keyValuePair key="plle2_adv_available" value="6" description="" />
   <keyValuePair key="plle2_adv_fixed" value="0" description="" />
   <keyValuePair key="plle2_adv_used" value="0" description="" />
   <keyValuePair key="plle2_adv_util_percentage" value="0.00" description="" />
  </section>
  <section name="dsp" level="2" order="2" description="">
   <keyValuePair key="dsps_available" value="180" description="" />
   <keyValuePair key="dsps_fixed" value="0" description="" />
   <keyValuePair key="dsps_used" value="0" description="" />
   <keyValuePair key="dsps_util_percentage" value="0.00" description="" />
  </section>
  <section name="io_standard" level="2" order="3" description="">
   <keyValuePair key="blvds_25" value="0" description="" />
   <keyValuePair key="diff_hstl_i" value="0" description="" />
   <keyValuePair key="diff_hstl_i_18" value="0" description="" />
   <keyValuePair key="diff_hstl_ii" value="0" description="" />
   <keyValuePair key="diff_hstl_ii_18" value="0" description="" />
   <keyValuePair key="diff_hsul_12" value="0" description="" />
   <keyValuePair key="diff_mobile_ddr" value="0" description="" />
   <keyValuePair key="diff_sstl135" value="0" description="" />
   <keyValuePair key="diff_sstl135_r" value="0" description="" />
   <keyValuePair key="diff_sstl15" value="0" description="" />
   <keyValuePair key="diff_sstl15_r" value="0" description="" />
   <keyValuePair key="diff_sstl18_i" value="0" description="" />
   <keyValuePair key="diff_sstl18_ii" value="0" description="" />
   <keyValuePair key="hstl_i" value="0" description="" />
   <keyValuePair key="hstl_i_18" value="0" description="" />
   <keyValuePair key="hstl_ii" value="0" description="" />
   <keyValuePair key="hstl_ii_18" value="0" description="" />
   <keyValuePair key="hsul_12" value="0" description="" />
   <keyValuePair key="lvcmos12" value="0" description="" />
   <keyValuePair key="lvcmos15" value="0" description="" />
   <keyValuePair key="lvcmos18" value="1" description="" />
   <keyValuePair key="lvcmos25" value="0" description="" />
   <keyValuePair key="lvcmos33" value="0" description="" />
   <keyValuePair key="lvds_25" value="0" description="" />
   <keyValuePair key="lvttl" value="0" description="" />
   <keyValuePair key="mini_lvds_25" value="0" description="" />
   <keyValuePair key="mobile_ddr" value="0" description="" />
   <keyValuePair key="pci33_3" value="0" description="" />
   <keyValuePair key="ppds_25" value="0" description="" />
   <keyValuePair key="rsds_25" value="0" description="" />
   <keyValuePair key="sstl135" value="0" description="" />
   <keyValuePair key="sstl135_r" value="0" description="" />
   <keyValuePair key="sstl15" value="0" description="" />
   <keyValuePair key="sstl15_r" value="0" description="" />
   <keyValuePair key="sstl18_i" value="0" description="" />
   <keyValuePair key="sstl18_ii" value="0" description="" />
   <keyValuePair key="tmds_33" value="0" description="" />
  </section>
  <section name="memory" level="2" order="4" description="">
   <keyValuePair key="block_ram_tile_available" value="105" description="" />
   <keyValuePair key="block_ram_tile_fixed" value="0" description="" />
   <keyValuePair key="block_ram_tile_used" value="0" description="" />
   <keyValuePair key="block_ram_tile_util_percentage" value="0.00" description="" />
   <keyValuePair key="ramb18_available" value="210" description="" />
   <keyValuePair key="ramb18_fixed" value="0" description="" />
   <keyValuePair key="ramb18_used" value="0" description="" />
   <keyValuePair key="ramb18_util_percentage" value="0.00" description="" />
   <keyValuePair key="ramb36_fifo_available" value="105" description="" />
   <keyValuePair key="ramb36_fifo_fixed" value="0" description="" />
   <keyValuePair key="ramb36_fifo_used" value="0" description="" />
   <keyValuePair key="ramb36_fifo_util_percentage" value="0.00" description="" />
  </section>
  <section name="primitives" level="2" order="5" description="">
   <keyValuePair key="carry4_functional_category" value="CarryLogic" description="" />
   <keyValuePair key="carry4_used" value="31" description="" />
   <keyValuePair key="ibuf_functional_category" value="IO" description="" />
   <keyValuePair key="ibuf_used" value="20" description="" />
   <keyValuePair key="lut2_functional_category" value="LUT" description="" />
   <keyValuePair key="lut2_used" value="37" description="" />
   <keyValuePair key="lut3_functional_category" value="LUT" description="" />
   <keyValuePair key="lut3_used" value="55" description="" />
   <keyValuePair key="lut4_functional_category" value="LUT" description="" />
   <keyValuePair key="lut4_used" value="23" description="" />
   <keyValuePair key="lut5_functional_category" value="LUT" description="" />
   <keyValuePair key="lut5_used" value="4" description="" />
   <keyValuePair key="lut6_functional_category" value="LUT" description="" />
   <keyValuePair key="lut6_used" value="37" description="" />
   <keyValuePair key="muxf7_functional_category" value="MuxFx" description="" />
   <keyValuePair key="muxf7_used" value="7" description="" />
   <keyValuePair key="obuf_functional_category" value="IO" description="" />
   <keyValuePair key="obuf_used" value="9" description="" />
  </section>
  <section name="slice_logic" level="2" order="6" description="">
   <keyValuePair key="f7_muxes_available" value="31700" description="" />
   <keyValuePair key="f7_muxes_fixed" value="0" description="" />
   <keyValuePair key="f7_muxes_used" value="7" description="" />
   <keyValuePair key="f7_muxes_util_percentage" value="0.02" description="" />
   <keyValuePair key="f8_muxes_available" value="15850" description="" />
   <keyValuePair key="f8_muxes_fixed" value="0" description="" />
   <keyValuePair key="f8_muxes_used" value="0" description="" />
   <keyValuePair key="f8_muxes_util_percentage" value="0.00" description="" />
   <keyValuePair key="lut_as_distributed_ram_fixed" value="0" description="" />
   <keyValuePair key="lut_as_distributed_ram_used" value="0" description="" />
   <keyValuePair key="lut_as_logic_available" value="47200" description="" />
   <keyValuePair key="lut_as_logic_available" value="47200" description="" />
   <keyValuePair key="lut_as_logic_fixed" value="0" description="" />
   <keyValuePair key="lut_as_logic_fixed" value="0" description="" />
   <keyValuePair key="lut_as_logic_used" value="139" description="" />
   <keyValuePair key="lut_as_logic_used" value="139" description="" />
   <keyValuePair key="lut_as_logic_util_percentage" value="0.29" description="" />
   <keyValuePair key="lut_as_logic_util_percentage" value="0.29" description="" />
   <keyValuePair key="lut_as_memory_available" value="19000" description="" />
   <keyValuePair key="lut_as_memory_available" value="19000" description="" />
   <keyValuePair key="lut_as_memory_fixed" value="0" description="" />
   <keyValuePair key="lut_as_memory_fixed" value="0" description="" />
   <keyValuePair key="lut_as_memory_used" value="0" description="" />
   <keyValuePair key="lut_as_memory_used" value="0" description="" />
   <keyValuePair key="lut_as_memory_util_percentage" value="0.00" description="" />
   <keyValuePair key="lut_as_memory_util_percentage" value="0.00" description="" />
   <keyValuePair key="lut_as_shift_register_fixed" value="0" description="" />
   <keyValuePair key="lut_as_shift_register_used" value="0" description="" />
   <keyValuePair key="register_as_flip_flop_available" value="94400" description="" />
   <keyValuePair key="register_as_flip_flop_fixed" value="0" description="" />
   <keyValuePair key="register_as_flip_flop_used" value="0" description="" />
   <keyValuePair key="register_as_flip_flop_util_percentage" value="0.00" description="" />
   <keyValuePair key="register_as_latch_available" value="94400" description="" />
   <keyValuePair key="register_as_latch_fixed" value="0" description="" />
   <keyValuePair key="register_as_latch_used" value="0" description="" />
   <keyValuePair key="register_as_latch_util_percentage" value="0.00" description="" />
   <keyValuePair key="register_driven_from_outside_the_slice_fixed" value="0" description="" />
   <keyValuePair key="register_driven_from_outside_the_slice_used" value="0" description="" />
   <keyValuePair key="register_driven_from_within_the_slice_fixed" value="0" description="" />
   <keyValuePair key="register_driven_from_within_the_slice_used" value="0" description="" />
   <keyValuePair key="slice_available" value="15850" description="" />
   <keyValuePair key="slice_fixed" value="0" description="" />
   <keyValuePair key="slice_luts_available" value="47200" description="" />
   <keyValuePair key="slice_luts_fixed" value="0" description="" />
   <keyValuePair key="slice_luts_used" value="139" description="" />
   <keyValuePair key="slice_luts_util_percentage" value="0.29" description="" />
   <keyValuePair key="slice_registers_available" value="94400" description="" />
   <keyValuePair key="slice_registers_available" value="94400" description="" />
   <keyValuePair key="slice_registers_fixed" value="0" description="" />
   <keyValuePair key="slice_registers_fixed" value="0" description="" />
   <keyValuePair key="slice_registers_used" value="0" description="" />
   <keyValuePair key="slice_registers_used" value="0" description="" />
   <keyValuePair key="slice_registers_util_percentage" value="0.00" description="" />
   <keyValuePair key="slice_registers_util_percentage" value="0.00" description="" />
   <keyValuePair key="slice_used" value="44" description="" />
   <keyValuePair key="slice_util_percentage" value="0.28" description="" />
   <keyValuePair key="slicel_fixed" value="0" description="" />
   <keyValuePair key="slicel_used" value="33" description="" />
   <keyValuePair key="slicem_fixed" value="0" description="" />
   <keyValuePair key="slicem_used" value="11" description="" />
   <keyValuePair key="unique_control_sets_available" value="15850" description="" />
   <keyValuePair key="unique_control_sets_fixed" value="15850" description="" />
   <keyValuePair key="unique_control_sets_used" value="0" description="" />
   <keyValuePair key="unique_control_sets_util_percentage" value="0.00" description="" />
   <keyValuePair key="using_o5_and_o6_fixed" value="0.00" description="" />
   <keyValuePair key="using_o5_and_o6_used" value="17" description="" />
   <keyValuePair key="using_o5_output_only_fixed" value="17" description="" />
   <keyValuePair key="using_o5_output_only_used" value="0" description="" />
   <keyValuePair key="using_o6_output_only_fixed" value="0" description="" />
   <keyValuePair key="using_o6_output_only_used" value="122" description="" />
  </section>
  <section name="specific_feature" level="2" order="7" description="">
   <keyValuePair key="bscane2_available" value="4" description="" />
   <keyValuePair key="bscane2_fixed" value="0" description="" />
   <keyValuePair key="bscane2_used" value="0" description="" />
   <keyValuePair key="bscane2_util_percentage" value="0.00" description="" />
   <keyValuePair key="capturee2_available" value="1" description="" />
   <keyValuePair key="capturee2_fixed" value="0" description="" />
   <keyValuePair key="capturee2_used" value="0" description="" />
   <keyValuePair key="capturee2_util_percentage" value="0.00" description="" />
   <keyValuePair key="dna_port_available" value="1" description="" />
   <keyValuePair key="dna_port_fixed" value="0" description="" />
   <keyValuePair key="dna_port_used" value="0" description="" />
   <keyValuePair key="dna_port_util_percentage" value="0.00" description="" />
   <keyValuePair key="efuse_usr_available" value="1" description="" />
   <keyValuePair key="efuse_usr_fixed" value="0" description="" />
   <keyValuePair key="efuse_usr_used" value="0" description="" />
   <keyValuePair key="efuse_usr_util_percentage" value="0.00" description="" />
   <keyValuePair key="frame_ecce2_available" value="1" description="" />
   <keyValuePair key="frame_ecce2_fixed" value="0" description="" />
   <keyValuePair key="frame_ecce2_used" value="0" description="" />
   <keyValuePair key="frame_ecce2_util_percentage" value="0.00" description="" />
   <keyValuePair key="icape2_available" value="2" description="" />
   <keyValuePair key="icape2_fixed" value="0" description="" />
   <keyValuePair key="icape2_used" value="0" description="" />
   <keyValuePair key="icape2_util_percentage" value="0.00" description="" />
   <keyValuePair key="pcie_2_1_available" value="1" description="" />
   <keyValuePair key="pcie_2_1_fixed" value="0" description="" />
   <keyValuePair key="pcie_2_1_used" value="0" description="" />
   <keyValuePair key="pcie_2_1_util_percentage" value="0.00" description="" />
   <keyValuePair key="startupe2_available" value="1" description="" />
   <keyValuePair key="startupe2_fixed" value="0" description="" />
   <keyValuePair key="startupe2_used" value="0" description="" />
   <keyValuePair key="startupe2_util_percentage" value="0.00" description="" />
   <keyValuePair key="xadc_available" value="1" description="" />
   <keyValuePair key="xadc_fixed" value="0" description="" />
   <keyValuePair key="xadc_used" value="0" description="" />
   <keyValuePair key="xadc_util_percentage" value="0.00" description="" />
  </section>
 </section>
 <section name="synthesis" level="1" order="6" description="">
  <section name="command_line_options" level="2" order="1" description="">
   <keyValuePair key="-assert" value="default::[not_specified]" description="" />
   <keyValuePair key="-bufg" value="default::12" description="" />
   <keyValuePair key="-cascade_dsp" value="default::auto" description="" />
   <keyValuePair key="-constrset" value="default::[not_specified]" description="" />
   <keyValuePair key="-control_set_opt_threshold" value="default::auto" description="" />
   <keyValuePair key="-debug_log" value="default::[not_specified]" description="" />
   <keyValuePair key="-directive" value="default::default" description="" />
   <keyValuePair key="-fanout_limit" value="default::10000" description="" />
   <keyValuePair key="-flatten_hierarchy" value="default::rebuilt" description="" />
   <keyValuePair key="-fsm_extraction" value="default::auto" description="" />
   <keyValuePair key="-gated_clock_conversion" value="default::off" description="" />
   <keyValuePair key="-generic" value="default::[not_specified]" description="" />
   <keyValuePair key="-include_dirs" value="default::[not_specified]" description="" />
   <keyValuePair key="-keep_equivalent_registers" value="default::[not_specified]" description="" />
   <keyValuePair key="-max_bram" value="default::-1" description="" />
   <keyValuePair key="-max_bram_cascade_height" value="default::-1" description="" />
   <keyValuePair key="-max_dsp" value="default::-1" description="" />
   <keyValuePair key="-max_uram" value="default::-1" description="" />
   <keyValuePair key="-max_uram_cascade_height" value="default::-1" description="" />
   <keyValuePair key="-mode" value="default::default" description="" />
   <keyValuePair key="-name" value="default::[not_specified]" description="" />
   <keyValuePair key="-no_lc" value="default::[not_specified]" description="" />
   <keyValuePair key="-no_srlextract" value="default::[not_specified]" description="" />
   <keyValuePair key="-no_timing_driven" value="default::[not_specified]" description="" />
   <keyValuePair key="-part" value="xc7a75tcsg324-1" description="" />
   <keyValuePair key="-resource_sharing" value="default::auto" description="" />
   <keyValuePair key="-retiming" value="default::[not_specified]" description="" />
   <keyValuePair key="-rtl" value="default::[not_specified]" description="" />
   <keyValuePair key="-rtl_skip_constraints" value="default::[not_specified]" description="" />
   <keyValuePair key="-rtl_skip_ip" value="default::[not_specified]" description="" />
   <keyValuePair key="-seu_protect" value="default::none" description="" />
   <keyValuePair key="-sfcu" value="default::[not_specified]" description="" />
   <keyValuePair key="-shreg_min_size" value="default::3" description="" />
   <keyValuePair key="-top" value="ALU_BEH" description="" />
   <keyValuePair key="-verilog_define" value="default::[not_specified]" description="" />
  </section>
  <section name="usage" level="2" order="2" description="">
   <keyValuePair key="elapsed" value="00:00:19s" description="" />
   <keyValuePair key="hls_ip" value="0" description="" />
   <keyValuePair key="memory_gain" value="0.000MB" description="" />
   <keyValuePair key="memory_peak" value="1032.570MB" description="" />
  </section>
 </section>
 <section name="unisim_transformation" level="1" order="7" description="">
  <section name="post_unisim_transformation" level="2" order="1" description="">
   <keyValuePair key="carry4" value="31" description="" />
   <keyValuePair key="gnd" value="1" description="" />
   <keyValuePair key="ibuf" value="20" description="" />
   <keyValuePair key="lut2" value="37" description="" />
   <keyValuePair key="lut3" value="55" description="" />
   <keyValuePair key="lut4" value="23" description="" />
   <keyValuePair key="lut5" value="4" description="" />
   <keyValuePair key="lut6" value="37" description="" />
   <keyValuePair key="muxf7" value="7" description="" />
   <keyValuePair key="obuf" value="9" description="" />
   <keyValuePair key="vcc" value="1" description="" />
  </section>
  <section name="pre_unisim_transformation" level="2" order="2" description="">
   <keyValuePair key="carry4" value="31" description="" />
   <keyValuePair key="gnd" value="1" description="" />
   <keyValuePair key="ibuf" value="20" description="" />
   <keyValuePair key="lut2" value="37" description="" />
   <keyValuePair key="lut3" value="55" description="" />
   <keyValuePair key="lut4" value="23" description="" />
   <keyValuePair key="lut5" value="4" description="" />
   <keyValuePair key="lut6" value="37" description="" />
   <keyValuePair key="muxf7" value="7" description="" />
   <keyValuePair key="obuf" value="9" description="" />
   <keyValuePair key="vcc" value="1" description="" />
  </section>
 </section>
 <section name="vivado_usage" level="1" order="8" description="">
  <section name="gui_handlers" level="2" order="1" description="">
   <keyValuePair key="abstractcombinedpanel_remove_selected_elements" value="4" description="" />
   <keyValuePair key="abstractselectabletablepanel_export_to_spreadsheet" value="1" description="" />
   <keyValuePair key="addsrcwizard_specify_hdl_netlist_block_design" value="2" description="" />
   <keyValuePair key="addsrcwizard_specify_simulation_specific_hdl_files" value="1" description="" />
   <keyValuePair key="basedialog_apply" value="13" description="" />
   <keyValuePair key="basedialog_cancel" value="25" description="" />
   <keyValuePair key="basedialog_ok" value="117" description="" />
   <keyValuePair key="basedialog_yes" value="8" description="" />
   <keyValuePair key="closeplanner_yes" value="2" description="" />
   <keyValuePair key="cmdmsgdialog_ok" value="7" description="" />
   <keyValuePair key="configruntablepanel_config_run_table" value="49" description="" />
   <keyValuePair key="configruntablepanel_create_synthesis_run" value="9" description="" />
   <keyValuePair key="configruntablepanel_remove_synthesis_run" value="1" description="" />
   <keyValuePair key="confirmsavetexteditsdialog_yes" value="2" description="" />
   <keyValuePair key="constraintschooserpanel_add_existing_or_create_new_constraints" value="1" description="" />
   <keyValuePair key="coretreetablepanel_core_tree_table" value="12" description="" />
   <keyValuePair key="createsrcfiledialog_file_location" value="4" description="" />
   <keyValuePair key="createsrcfiledialog_file_name" value="4" description="" />
   <keyValuePair key="customizecoredialog_ip_location" value="1" description="" />
   <keyValuePair key="definemodulesdialog_define_modules_and_specify_io_ports" value="8" description="" />
   <keyValuePair key="deviceview_show_cell_connections" value="1" description="" />
   <keyValuePair key="exploreaheadview_show_percentage" value="4" description="" />
   <keyValuePair key="expreportsview_edit_report_options" value="1" description="" />
   <keyValuePair key="expreporttreepanel_enable_report" value="1" description="" />
   <keyValuePair key="expreporttreepanel_exp_report_tree_table" value="26" description="" />
   <keyValuePair key="expreporttreepanel_open_report" value="2" description="" />
   <keyValuePair key="exprunmenu_change_run_settings" value="3" description="" />
   <keyValuePair key="exprunmenu_launch_runs" value="5" description="" />
   <keyValuePair key="exprunmenu_launch_step" value="2" description="" />
   <keyValuePair key="exprunproppanels_select_part_for_this_run" value="5" description="" />
   <keyValuePair key="expruntreepanel_exp_run_tree_table" value="75" description="" />
   <keyValuePair key="filesetpanel_file_set_panel_tree" value="131" description="" />
   <keyValuePair key="filtertoolbar_show_all" value="1" description="" />
   <keyValuePair key="flownavigatortreepanel_flow_navigator_tree" value="176" description="" />
   <keyValuePair key="fpgachooser_category" value="6" description="" />
   <keyValuePair key="fpgachooser_family" value="6" description="" />
   <keyValuePair key="fpgachooser_fpga_table" value="21" description="" />
   <keyValuePair key="fpgachooser_package" value="3" description="" />
   <keyValuePair key="fpgachooser_speed" value="2" description="" />
   <keyValuePair key="gettingstartedview_open_project" value="1" description="" />
   <keyValuePair key="graphicalview_zoom_out" value="35" description="" />
   <keyValuePair key="hcodeeditor_blank_operations" value="1" description="" />
   <keyValuePair key="hcodeeditor_close" value="1" description="" />
   <keyValuePair key="hcodeeditor_search_text_combo_box" value="2" description="" />
   <keyValuePair key="hpopuptitle_close" value="1" description="" />
   <keyValuePair key="instancemenu_floorplanning" value="5" description="" />
   <keyValuePair key="logmonitor_copy" value="2" description="" />
   <keyValuePair key="logmonitor_monitor" value="4" description="" />
   <keyValuePair key="mainmenumgr_checkpoint" value="4" description="" />
   <keyValuePair key="mainmenumgr_constraints" value="2" description="" />
   <keyValuePair key="mainmenumgr_edit" value="2" description="" />
   <keyValuePair key="mainmenumgr_export" value="1" description="" />
   <keyValuePair key="mainmenumgr_file" value="12" description="" />
   <keyValuePair key="mainmenumgr_flow" value="2" description="" />
   <keyValuePair key="mainmenumgr_import" value="2" description="" />
   <keyValuePair key="mainmenumgr_ip" value="4" description="" />
   <keyValuePair key="mainmenumgr_project" value="10" description="" />
   <keyValuePair key="mainmenumgr_reports" value="2" description="" />
   <keyValuePair key="mainmenumgr_settings" value="1" description="" />
   <keyValuePair key="mainmenumgr_simulation_waveform" value="2" description="" />
   <keyValuePair key="mainmenumgr_text_editor" value="2" description="" />
   <keyValuePair key="mainmenumgr_tools" value="2" description="" />
   <keyValuePair key="mainmenumgr_view" value="2" description="" />
   <keyValuePair key="mainmenumgr_window" value="4" description="" />
   <keyValuePair key="mainwinmenumgr_layout" value="4" description="" />
   <keyValuePair key="msgtreepanel_message_view_tree" value="5" description="" />
   <keyValuePair key="msgview_error_messages" value="1" description="" />
   <keyValuePair key="msgview_status_messages" value="1" description="" />
   <keyValuePair key="msgview_warning_messages" value="1" description="" />
   <keyValuePair key="multifilechooser_add_directories" value="1" description="" />
   <keyValuePair key="navigabletimingreporttab_timing_report_navigation_tree" value="7" description="" />
   <keyValuePair key="netlisttreeview_netlist_tree" value="24" description="" />
   <keyValuePair key="notificationmanager_run_successfully_completed" value="1" description="" />
   <keyValuePair key="pacodeview_copy" value="5" description="" />
   <keyValuePair key="pacommandnames_add_sources" value="8" description="" />
   <keyValuePair key="pacommandnames_auto_update_hier" value="5" description="" />
   <keyValuePair key="pacommandnames_bel_const_mode" value="2" description="" />
   <keyValuePair key="pacommandnames_bitstream_settings" value="1" description="" />
   <keyValuePair key="pacommandnames_close_project" value="3" description="" />
   <keyValuePair key="pacommandnames_customize_core" value="2" description="" />
   <keyValuePair key="pacommandnames_design_ahead_synth" value="5" description="" />
   <keyValuePair key="pacommandnames_draw_pblock_mode" value="1" description="" />
   <keyValuePair key="pacommandnames_fed_toggle_routing_resources" value="4" description="" />
   <keyValuePair key="pacommandnames_fileset_window" value="1" description="" />
   <keyValuePair key="pacommandnames_goto_netlist_design" value="1" description="" />
   <keyValuePair key="pacommandnames_ip_settings" value="1" description="" />
   <keyValuePair key="pacommandnames_mark_default_color" value="1" description="" />
   <keyValuePair key="pacommandnames_new_project" value="1" description="" />
   <keyValuePair key="pacommandnames_open_project" value="2" description="" />
   <keyValuePair key="pacommandnames_properties_window" value="1" description="" />
   <keyValuePair key="pacommandnames_reports_window" value="3" description="" />
   <keyValuePair key="pacommandnames_reset_runs" value="1" description="" />
   <keyValuePair key="pacommandnames_show_connectivity" value="1" description="" />
   <keyValuePair key="pacommandnames_show_product_webpage" value="1" description="" />
   <keyValuePair key="pacommandnames_simulation_run_behavioral" value="30" description="" />
   <keyValuePair key="pacommandnames_simulation_settings" value="4" description="" />
   <keyValuePair key="pacommandnames_synth_settings" value="35" description="" />
   <keyValuePair key="pacommandnames_unmark_selection" value="1" description="" />
   <keyValuePair key="pacommandnames_write_config_memory_file" value="1" description="" />
   <keyValuePair key="pagraphicalviewutils_show_all" value="1" description="" />
   <keyValuePair key="paviews_code" value="2" description="" />
   <keyValuePair key="paviews_ip_catalog" value="1" description="" />
   <keyValuePair key="paviews_par_report" value="6" description="" />
   <keyValuePair key="paviews_project_summary" value="19" description="" />
   <keyValuePair key="paviews_schematic" value="7" description="" />
   <keyValuePair key="powerresulttab_report_navigation_tree" value="2" description="" />
   <keyValuePair key="progressdialog_cancel" value="1" description="" />
   <keyValuePair key="projectfilechooserpanel_new_script" value="1" description="" />
   <keyValuePair key="projectnamechooser_choose_project_location" value="1" description="" />
   <keyValuePair key="projectnamechooser_project_name" value="1" description="" />
   <keyValuePair key="projectsettingsgadget_edit_project_settings" value="1" description="" />
   <keyValuePair key="projectsettingssimulationpanel_simulator_language" value="1" description="" />
   <keyValuePair key="projectsettingssimulationpanel_tabbed_pane" value="9" description="" />
   <keyValuePair key="projecttab_reload" value="1" description="" />
   <keyValuePair key="rdicommands_copy" value="20" description="" />
   <keyValuePair key="rdicommands_custom_commands" value="1" description="" />
   <keyValuePair key="rdicommands_cut" value="4" description="" />
   <keyValuePair key="rdicommands_delete" value="5" description="" />
   <keyValuePair key="rdicommands_properties" value="5" description="" />
   <keyValuePair key="rdicommands_settings" value="1" description="" />
   <keyValuePair key="rdiviews_waveform_viewer" value="14" description="" />
   <keyValuePair key="reportstrategyoptionspanel_report_strategies_tree" value="1" description="" />
   <keyValuePair key="saveprojectutils_dont_save" value="3" description="" />
   <keyValuePair key="saveprojectutils_save" value="14" description="" />
   <keyValuePair key="selectmenu_highlight" value="5" description="" />
   <keyValuePair key="selectmenu_mark" value="10" description="" />
   <keyValuePair key="settingsdialog_options_tree" value="47" description="" />
   <keyValuePair key="settingsdialog_project_tree" value="8" description="" />
   <keyValuePair key="settingsprojectgeneralpage_choose_device_for_your_project" value="1" description="" />
   <keyValuePair key="settingsprojectippage_delete_ip_cache" value="1" description="" />
   <keyValuePair key="signaltreepanel_signal_tree_table" value="4" description="" />
   <keyValuePair key="simpleoutputproductdialog_close_dialog_unsaved_changes_will" value="1" description="" />
   <keyValuePair key="simpleoutputproductdialog_output_product_tree" value="20" description="" />
   <keyValuePair key="simpleoutputproductdialog_synthesize_design_globally" value="1" description="" />
   <keyValuePair key="simulationscopespanel_simulate_scope_table" value="5" description="" />
   <keyValuePair key="srcchooserpanel_add_hdl_and_netlist_files_to_your_project" value="7" description="" />
   <keyValuePair key="srcchooserpanel_create_file" value="4" description="" />
   <keyValuePair key="srcfileproppanels_library" value="1" description="" />
   <keyValuePair key="srcmenu_ip_hierarchy" value="1" description="" />
   <keyValuePair key="stalerundialog_no" value="1" description="" />
   <keyValuePair key="syntheticagettingstartedview_recent_projects" value="6" description="" />
   <keyValuePair key="taskbanner_close" value="1" description="" />
   <keyValuePair key="tclobjecttreetable_treetable" value="5" description="" />
   <keyValuePair key="waveformnametree_waveform_name_tree" value="24" description="" />
   <keyValuePair key="writecfgmemfiledialog_format" value="2" description="" />
   <keyValuePair key="writecfgmemfiledialog_load_bitstream_files" value="1" description="" />
   <keyValuePair key="writecfgmemfiledialog_load_data_files" value="1" description="" />
   <keyValuePair key="writecfgmemfiledialog_write_checksum" value="1" description="" />
   <keyValuePair key="xpg_ipsymbol_show_disabled_ports" value="1" description="" />
   <keyValuePair key="xpg_tabbedpane_tabbed_pane" value="2" description="" />
   <keyValuePair key="xpowersettingsdialog_cancel" value="4" description="" />
   <keyValuePair key="xpowersettingsdialog_results_name" value="1" description="" />
   <keyValuePair key="xpowersettingsdialog_save_these_settings_and_run" value="3" description="" />
   <keyValuePair key="xpowersettingsdialog_tabbed_pane" value="4" description="" />
  </section>
  <section name="java_command_handlers" level="2" order="2" description="">
   <keyValuePair key="addsources" value="8" description="" />
   <keyValuePair key="closeproject" value="5" description="" />
   <keyValuePair key="coreview" value="3" description="" />
   <keyValuePair key="customizecore" value="3" description="" />
   <keyValuePair key="editdelete" value="6" description="" />
   <keyValuePair key="editproperties" value="5" description="" />
   <keyValuePair key="fedtoggleroutingresourcescmdhandler" value="4" description="" />
   <keyValuePair key="fileexit" value="3" description="" />
   <keyValuePair key="markselection" value="1" description="" />
   <keyValuePair key="newproject" value="1" description="" />
   <keyValuePair key="openproject" value="3" description="" />
   <keyValuePair key="reportclockinteraction" value="1" description="" />
   <keyValuePair key="reportclocknetworks" value="1" description="" />
   <keyValuePair key="reportdrc" value="3" description="" />
   <keyValuePair key="reporttimingsummary" value="2" description="" />
   <keyValuePair key="reportutilization" value="2" description="" />
   <keyValuePair key="runbitgen" value="2" description="" />
   <keyValuePair key="rundesignahead" value="5" description="" />
   <keyValuePair key="runimplementation" value="2" description="" />
   <keyValuePair key="runpowerestimation" value="3" description="" />
   <keyValuePair key="runschematic" value="20" description="" />
   <keyValuePair key="runsynthesis" value="21" description="" />
   <keyValuePair key="showconnectivity" value="1" description="" />
   <keyValuePair key="showpowerestimation" value="8" description="" />
   <keyValuePair key="showproductwebpage" value="1" description="" />
   <keyValuePair key="showview" value="23" description="" />
   <keyValuePair key="simulationrun" value="30" description="" />
   <keyValuePair key="timingconstraintswizard" value="3" description="" />
   <keyValuePair key="togglecreatepblockmode" value="1" description="" />
   <keyValuePair key="toolssettings" value="43" description="" />
   <keyValuePair key="unmarkselection" value="1" description="" />
   <keyValuePair key="viewlayoutcmd" value="1" description="" />
   <keyValuePair key="viewtaskimplementation" value="1" description="" />
   <keyValuePair key="viewtaskrtlanalysis" value="5" description="" />
   <keyValuePair key="viewtasksynthesis" value="2" description="" />
   <keyValuePair key="writecfgmemfile" value="1" description="" />
  </section>
  <section name="other_data" level="2" order="3" description="">
   <keyValuePair key="guimode" value="23" description="" />
  </section>
  <section name="project_data" level="2" order="4" description="">
   <keyValuePair key="constraintsetcount" value="0" description="" />
   <keyValuePair key="core_container" value="false" description="" />
   <keyValuePair key="currentimplrun" value="impl_1" description="" />
   <keyValuePair key="currentsynthesisrun" value="synth_1" description="" />
   <keyValuePair key="default_library" value="xil_defaultlib" description="" />
   <keyValuePair key="designmode" value="RTL" description="" />
   <keyValuePair key="export_simulation_activehdl" value="0" description="" />
   <keyValuePair key="export_simulation_ies" value="0" description="" />
   <keyValuePair key="export_simulation_modelsim" value="0" description="" />
   <keyValuePair key="export_simulation_questa" value="0" description="" />
   <keyValuePair key="export_simulation_riviera" value="0" description="" />
   <keyValuePair key="export_simulation_vcs" value="0" description="" />
   <keyValuePair key="export_simulation_xsim" value="0" description="" />
   <keyValuePair key="implstrategy" value="Vivado Implementation Defaults" description="" />
   <keyValuePair key="launch_simulation_activehdl" value="0" description="" />
   <keyValuePair key="launch_simulation_ies" value="0" description="" />
   <keyValuePair key="launch_simulation_modelsim" value="0" description="" />
   <keyValuePair key="launch_simulation_questa" value="0" description="" />
   <keyValuePair key="launch_simulation_riviera" value="0" description="" />
   <keyValuePair key="launch_simulation_vcs" value="0" description="" />
   <keyValuePair key="launch_simulation_xsim" value="21" description="" />
   <keyValuePair key="simulator_language" value="Mixed" description="" />
   <keyValuePair key="srcsetcount" value="1" description="" />
   <keyValuePair key="synthesisstrategy" value="Vivado Synthesis Defaults" description="" />
   <keyValuePair key="target_language" value="VHDL" description="" />
   <keyValuePair key="target_simulator" value="XSim" description="" />
   <keyValuePair key="totalimplruns" value="1" description="" />
   <keyValuePair key="totalsynthesisruns" value="1" description="" />
  </section>
 </section>
 <section name="xsim" level="1" order="9" description="">
  <section name="command_line_options" level="2" order="1" description="">
   <keyValuePair key="-sim_mode" value="default::behavioral" description="" />
   <keyValuePair key="-sim_type" value="default::" description="" />
  </section>
 </section>
</section>
</webTalkData>
