<?xml version="1.0"?>
<Runs Version="1" Minor="0">
	<Run Id="synth_2" LaunchDir="D:/SOFTWARE/VIVADO PROJECTS/ALU_BEH/ALU_BEH.runs/synth_2" FlowId="Vivado_Synthesis" FromStepId="vivado" ToStepId="vivado"/>
	<Run Id="synth_3" LaunchDir="D:/SOFTWARE/VIVADO PROJECTS/ALU_BEH/ALU_BEH.runs/synth_3" FlowId="Vivado_Synthesis" FromStepId="vivado" ToStepId="vivado"/>
	<Run Id="synth_4" LaunchDir="D:/SOFTWARE/VIVADO PROJECTS/ALU_BEH/ALU_BEH.runs/synth_4" FlowId="Vivado_Synthesis" FromStepId="vivado" ToStepId="vivado"/>
	<Run Id="synth_5" LaunchDir="D:/SOFTWARE/VIVADO PROJECTS/ALU_BEH/ALU_BEH.runs/synth_5" FlowId="Vivado_Synthesis" FromStepId="vivado" ToStepId="vivado"/>
	<Parameters>
		<Parameter Name="runs.monitorLSFJobs" Val="true" Type="bool"/>
		<Parameter Name="runs.enableClusterConf" Val="true" Type="bool"/>
	</Parameters>
</Runs>

