<?xml version="1.0" encoding="UTF-8"?>
<GenRun Id="synth_1" LaunchPart="xc7a75tcsg324-1" LaunchTime="1641467118">
  <File Type="PA-TCL" Name="ALU_BEH.tcl"/>
  <File Type="RDS-PROPCONSTRS" Name="ALU_BEH_drc_synth.rpt"/>
  <File Type="REPORTS-TCL" Name="ALU_BEH_reports.tcl"/>
  <File Type="RDS-RDS" Name="ALU_BEH.vds"/>
  <File Type="RDS-UTIL" Name="ALU_BEH_utilization_synth.rpt"/>
  <File Type="RDS-UTIL-PB" Name="ALU_BEH_utilization_synth.pb"/>
  <File Type="RDS-DCP" Name="ALU_BEH.dcp"/>
  <File Type="VDS-TIMINGSUMMARY" Name="ALU_BEH_timing_summary_synth.rpt"/>
  <File Type="VDS-TIMING-PB" Name="ALU_BEH_timing_summary_synth.pb"/>
  <FileSet Name="sources" Type="DesignSrcs" RelSrcDir="$PSRCDIR/sources_1">
    <Filter Type="Srcs"/>
    <File Path="$PPRDIR/ALU_BEH.vhd">
      <FileInfo>
        <Attr Name="UsedIn" Val="synthesis"/>
        <Attr Name="UsedIn" Val="simulation"/>
      </FileInfo>
    </File>
    <Config>
      <Option Name="DesignMode" Val="RTL"/>
      <Option Name="TopModule" Val="ALU_BEH"/>
      <Option Name="TopAutoSet" Val="TRUE"/>
    </Config>
  </FileSet>
  <FileSet Name="constrs_in" Type="Constrs" RelSrcDir="$PSRCDIR/constrs_1">
    <Filter Type="Constrs"/>
    <Config>
      <Option Name="ConstrsType" Val="XDC"/>
    </Config>
  </FileSet>
  <FileSet Name="utils" Type="Utils" RelSrcDir="$PSRCDIR/utils_1">
    <Filter Type="Utils"/>
    <File Path="$PPRDIR/../script.tcl">
      <FileInfo>
        <Attr Name="UsedIn" Val="synthesis"/>
        <Attr Name="UsedIn" Val="implementation"/>
        <Attr Name="UsedIn" Val="simulation"/>
        <Attr Name="UsedInSteps" Val="impl_1;WRITE_BITSTREAM;TCL.PRE"/>
      </FileInfo>
    </File>
    <Config>
      <Option Name="TopAutoSet" Val="TRUE"/>
    </Config>
  </FileSet>
  <Strategy Version="1" Minor="2">
    <StratHandle Name="Vivado Synthesis Defaults" Flow="Vivado Synthesis 2020"/>
    <Step Id="synth_design"/>
  </Strategy>
</GenRun>
